Patient,Split,CGM_events,Acceleration_events,CGM_start,CGM_end,Acceleration_start,Acceleration_end,Acceleration_exact_1min_pct,Acceleration_median_gap_min,Acceleration_max_gap_min,Acceleration_min,Acceleration_max,CGM_bins_with_accel,CGM_bins_total,CGM_bins_with_accel_pct
540,train,11947,28353,2027-05-19 11:36:29,2027-07-03 23:56:44,2027-05-19 09:55:00,2027-07-03 21:20:00,97.89785553047405,1.0,7467.0,0.0,2.264988899230957,5706,11947,47.76094417008454
544,train,10623,53219,2027-05-11 00:02:00,2027-06-23 23:55:00,2027-05-11 10:25:00,2027-06-23 23:59:00,98.27126160321696,1.0,288.0,0.0,16.064701080322266,9462,10623,89.07088393109291
552,train,9080,25604,2025-04-16 11:17:05,2025-05-24 23:59:14,2025-04-17 20:01:00,2025-05-24 14:41:00,99.61332656329337,1.0,5349.0,0.0,2.993983030319214,4083,9080,44.96696035242291
567,train,10858,39037,2026-12-28 00:04:30,2027-02-12 23:59:21,2026-12-28 08:56:00,2027-02-12 23:59:00,98.30669125935034,1.0,13257.0,0.0,1.5613950490951538,6493,10858,59.799226376864986
584,train,12150,47024,2025-05-14 00:03:00,2025-06-28 23:56:00,2025-05-14 10:13:00,2025-06-28 23:59:00,99.81073091891203,1.0,10016.0,0.0,3.6611690521240234,8709,12150,71.67901234567901
596,train,10877,34790,2027-04-09 16:15:00,2027-05-26 23:59:00,2027-04-07 18:40:00,2027-05-26 22:27:00,94.89493805513237,1.0,5880.0,0.0,1.5525070428848267,5712,10877,52.5144800956146
540,test,2896,7682,2027-07-04 00:01:44,2027-07-14 15:25:40,2027-07-04 04:32:00,2027-07-12 22:28:00,99.42715792214555,1.0,1983.0,0.0,2.006227970123291,1523,2896,52.58977900552486
544,test,2716,13796,2027-06-24 00:00:00,2027-07-04 21:17:00,2027-06-24 00:00:00,2027-07-04 23:59:00,98.55019934758971,1.0,324.0,0.0,1.6097090244293213,2450,2716,90.20618556701031
552,test,2364,10382,2025-05-25 00:04:14,2025-06-07 17:09:51,2025-05-26 08:14:00,2025-06-06 21:33:00,98.79587708313264,1.0,4112.0,0.0,1.739014983177185,1533,2364,64.84771573604061
567,test,2389,9163,2027-02-13 00:04:21,2027-02-22 23:12:13,2027-02-13 00:00:00,2027-02-23 08:10:00,96.13621480026195,1.0,1393.0,0.0,1.430467963218689,1572,2389,65.80159062369192
584,test,2665,12737,2025-06-29 00:01:00,2025-07-09 09:32:00,2025-06-29 00:00:00,2025-07-09 09:16:00,99.82726130653266,1.0,1017.0,0.0,2.8836309909820557,2313,2665,86.79174484052533
596,test,2743,8643,2027-05-27 00:04:00,2027-06-06 10:11:00,2027-05-27 06:37:00,2027-06-06 12:52:00,96.47072436935893,1.0,561.0,0.0,1.390194058418274,1635,2743,59.606270506744444
