patient,split,rows,gap_gt_5min,accel_nonmissing_pct,accel_mean_missing_pct
540,train,11947,176,47.76094417008454,52.23905582991546
544,train,10623,22,89.07088393109291,10.929116068907089
552,train,9080,169,44.96696035242291,55.0330396475771
567,train,10858,186,59.799226376864986,40.200773623135014
584,train,12150,59,71.67901234567901,28.32098765432099
596,train,10877,26,52.5144800956146,47.4855199043854
540,test,2896,44,52.58977900552486,47.41022099447514
544,test,2716,6,90.20618556701031,9.793814432989691
552,test,2364,42,64.84771573604061,35.152284263959395
567,test,2389,42,65.80159062369192,34.19840937630808
584,test,2665,15,86.79174484052533,13.208255159474671
596,test,2743,6,59.606270506744444,40.393729493255556
