Patient,Split,Lookback,Horizon,Valid_sequences
559,test,60min,15min,2346
559,test,60min,30min,2310
559,test,60min,60min,2238
559,test,60min,90min,2166
559,test,60min,120min,2094
559,test,120min,15min,2202
559,test,120min,30min,2166
559,test,120min,60min,2094
559,test,120min,90min,2022
559,test,120min,120min,1950
559,test,180min,15min,2058
559,test,180min,30min,2022
559,test,180min,60min,1950
559,test,180min,90min,1878
559,test,180min,120min,1806
559,test,240min,15min,1914
559,test,240min,30min,1878
559,test,240min,60min,1806
559,test,240min,90min,1734
559,test,240min,120min,1662
563,test,60min,15min,2514
563,test,60min,30min,2502
563,test,60min,60min,2478
563,test,60min,90min,2454
563,test,60min,120min,2430
563,test,120min,15min,2466
563,test,120min,30min,2454
563,test,120min,60min,2430
563,test,120min,90min,2406
563,test,120min,120min,2382
563,test,180min,15min,2418
563,test,180min,30min,2406
563,test,180min,60min,2382
563,test,180min,90min,2358
563,test,180min,120min,2334
563,test,240min,15min,2370
563,test,240min,30min,2358
563,test,240min,60min,2334
563,test,240min,90min,2310
563,test,240min,120min,2286
570,test,60min,15min,2605
570,test,60min,30min,2575
570,test,60min,60min,2515
570,test,60min,90min,2455
570,test,60min,120min,2395
570,test,120min,15min,2485
570,test,120min,30min,2455
570,test,120min,60min,2395
570,test,120min,90min,2335
570,test,120min,120min,2275
570,test,180min,15min,2365
570,test,180min,30min,2335
570,test,180min,60min,2275
570,test,180min,90min,2215
570,test,180min,120min,2155
570,test,240min,15min,2245
570,test,240min,30min,2215
570,test,240min,60min,2155
570,test,240min,90min,2095
570,test,240min,120min,2037
575,test,60min,15min,2436
575,test,60min,30min,2406
575,test,60min,60min,2346
575,test,60min,90min,2286
575,test,60min,120min,2226
575,test,120min,15min,2316
575,test,120min,30min,2286
575,test,120min,60min,2226
575,test,120min,90min,2166
575,test,120min,120min,2106
575,test,180min,15min,2196
575,test,180min,30min,2166
575,test,180min,60min,2106
575,test,180min,90min,2046
575,test,180min,120min,1986
575,test,240min,15min,2076
575,test,240min,30min,2046
575,test,240min,60min,1986
575,test,240min,90min,1926
575,test,240min,120min,1867
588,test,60min,15min,2749
588,test,60min,30min,2740
588,test,60min,60min,2722
588,test,60min,90min,2704
588,test,60min,120min,2686
588,test,120min,15min,2713
588,test,120min,30min,2704
588,test,120min,60min,2686
588,test,120min,90min,2668
588,test,120min,120min,2650
588,test,180min,15min,2677
588,test,180min,30min,2668
588,test,180min,60min,2650
588,test,180min,90min,2632
588,test,180min,120min,2614
588,test,240min,15min,2641
588,test,240min,30min,2632
588,test,240min,60min,2614
588,test,240min,90min,2596
588,test,240min,120min,2578
591,test,60min,15min,2690
591,test,60min,30min,2675
591,test,60min,60min,2645
591,test,60min,90min,2616
591,test,60min,120min,2592
591,test,120min,15min,2630
591,test,120min,30min,2616
591,test,120min,60min,2592
591,test,120min,90min,2568
591,test,120min,120min,2544
591,test,180min,15min,2580
591,test,180min,30min,2568
591,test,180min,60min,2544
591,test,180min,90min,2520
591,test,180min,120min,2496
591,test,240min,15min,2532
591,test,240min,30min,2520
591,test,240min,60min,2496
591,test,240min,90min,2472
591,test,240min,120min,2448
559,train,60min,15min,10180
559,train,60min,30min,10048
559,train,60min,60min,9786
559,train,60min,90min,9531
559,train,60min,120min,9279
559,train,120min,15min,9657
559,train,120min,30min,9531
559,train,120min,60min,9279
559,train,120min,90min,9027
559,train,120min,120min,8775
559,train,180min,15min,9153
559,train,180min,30min,9027
559,train,180min,60min,8775
559,train,180min,90min,8523
559,train,180min,120min,8275
559,train,240min,15min,8649
559,train,240min,30min,8523
559,train,240min,60min,8275
559,train,240min,90min,8029
559,train,240min,120min,7787
563,train,60min,15min,11816
563,train,60min,30min,11750
563,train,60min,60min,11618
563,train,60min,90min,11486
563,train,60min,120min,11354
563,train,120min,15min,11552
563,train,120min,30min,11486
563,train,120min,60min,11354
563,train,120min,90min,11227
563,train,120min,120min,11101
563,train,180min,15min,11290
563,train,180min,30min,11227
563,train,180min,60min,11101
563,train,180min,90min,10981
563,train,180min,120min,10861
563,train,240min,15min,11041
563,train,240min,30min,10981
563,train,240min,60min,10861
563,train,240min,90min,10741
563,train,240min,120min,10625
570,train,60min,15min,10688
570,train,60min,30min,10625
570,train,60min,60min,10499
570,train,60min,90min,10374
570,train,60min,120min,10254
570,train,120min,15min,10436
570,train,120min,30min,10374
570,train,120min,60min,10254
570,train,120min,90min,10134
570,train,120min,120min,10014
570,train,180min,15min,10194
570,train,180min,30min,10134
570,train,180min,60min,10014
570,train,180min,90min,9894
570,train,180min,120min,9774
570,train,240min,15min,9954
570,train,240min,30min,9894
570,train,240min,60min,9774
570,train,240min,90min,9654
570,train,240min,120min,9538
575,train,60min,15min,10849
575,train,60min,30min,10633
575,train,60min,60min,10201
575,train,60min,90min,9773
575,train,60min,120min,9354
575,train,120min,15min,9986
575,train,120min,30min,9773
575,train,120min,60min,9354
575,train,120min,90min,8940
575,train,120min,120min,8532
575,train,180min,15min,9147
575,train,180min,30min,8940
575,train,180min,60min,8532
575,train,180min,90min,8126
575,train,180min,120min,7725
575,train,240min,15min,8328
575,train,240min,30min,8126
575,train,240min,60min,7725
575,train,240min,90min,7338
575,train,240min,120min,6963
588,train,60min,15min,12492
588,train,60min,30min,12462
588,train,60min,60min,12402
588,train,60min,90min,12342
588,train,60min,120min,12282
588,train,120min,15min,12372
588,train,120min,30min,12342
588,train,120min,60min,12282
588,train,120min,90min,12222
588,train,120min,120min,12162
588,train,180min,15min,12252
588,train,180min,30min,12222
588,train,180min,60min,12162
588,train,180min,90min,12102
588,train,180min,120min,12042
588,train,240min,15min,12132
588,train,240min,30min,12102
588,train,240min,60min,12042
588,train,240min,90min,11982
588,train,240min,120min,11922
591,train,60min,15min,10476
591,train,60min,30min,10398
591,train,60min,60min,10242
591,train,60min,90min,10086
591,train,60min,120min,9936
591,train,120min,15min,10164
591,train,120min,30min,10086
591,train,120min,60min,9936
591,train,120min,90min,9791
591,train,120min,120min,9647
591,train,180min,15min,9863
591,train,180min,30min,9791
591,train,180min,60min,9647
591,train,180min,90min,9503
591,train,180min,120min,9360
591,train,240min,15min,9575
591,train,240min,30min,9503
591,train,240min,60min,9360
591,train,240min,90min,9222
591,train,240min,120min,9088
