Patient,Split,Rows,Contiguous_5min_pct,HR_nonmissing_pct,Steps_nonmissing_pct
559,test,2514,99.56245027844074,90.49323786793954,90.61256961018299
559,train,10796,99.60170433493887,95.1556131900704,95.34086698777325
563,test,2570,99.88326848249028,93.81322957198444,93.81322957198444
563,train,12124,99.82678983833718,87.52062025734081,87.56186077202244
570,test,2745,99.672131147541,94.53551912568307,94.82695810564663
570,train,10982,99.8178838098707,97.90566381351302,97.92387543252595
575,test,2590,99.61389961389962,97.68339768339769,97.7992277992278
575,train,11866,99.39322433844599,93.29175796393055,93.45187931906287
588,test,2791,99.92834109638122,89.35865281261198,89.50197061984952
588,train,12640,99.92088607594937,97.04905063291139,97.15981012658229
591,test,2760,99.85507246376811,92.2463768115942,92.21014492753623
591,train,10847,99.76030238775698,91.64746012722411,91.66589840508897
