patient,split,lookback_min,horizon_min,valid_sequences
540,train,60,15,9534
540,train,60,30,9030
540,train,60,60,8048
540,train,60,90,7107
540,train,60,120,6177
540,train,120,15,7575
540,train,120,30,7107
540,train,120,60,6177
540,train,120,90,5254
540,train,120,120,4359
540,train,180,15,5713
540,train,180,30,5254
540,train,180,60,4359
540,train,180,90,3501
540,train,180,120,2661
540,train,240,15,3929
540,train,240,30,3501
540,train,240,60,2661
540,train,240,90,1841
540,train,240,120,1050
544,train,60,15,10312
544,train,60,30,10246
544,train,60,60,10114
544,train,60,90,9982
544,train,60,120,9850
544,train,120,15,10048
544,train,120,30,9982
544,train,120,60,9850
544,train,120,90,9718
544,train,120,120,9586
544,train,180,15,9784
544,train,180,30,9718
544,train,180,60,9586
544,train,180,90,9454
544,train,180,120,9322
544,train,240,15,9520
544,train,240,30,9454
544,train,240,60,9322
544,train,240,90,9190
544,train,240,120,9063
552,train,60,15,6724
552,train,60,30,6238
552,train,60,60,5315
552,train,60,90,4479
552,train,60,120,3691
552,train,120,15,4893
552,train,120,30,4479
552,train,120,60,3691
552,train,120,90,2967
552,train,120,120,2323
552,train,180,15,3323
552,train,180,30,2967
552,train,180,60,2323
552,train,180,90,1754
552,train,180,120,1228
552,train,240,15,2028
552,train,240,30,1754
552,train,240,60,1228
552,train,240,90,707
552,train,240,120,192
567,train,60,15,8397
567,train,60,30,7905
567,train,60,60,6937
567,train,60,90,6024
567,train,60,120,5147
567,train,120,15,6476
567,train,120,30,6024
567,train,120,60,5147
567,train,120,90,4310
567,train,120,120,3533
567,train,180,15,4724
567,train,180,30,4310
567,train,180,60,3533
567,train,180,90,2800
567,train,180,120,2089
567,train,240,15,3165
567,train,240,30,2800
567,train,240,60,2089
567,train,240,90,1429
567,train,240,120,838
584,train,60,15,11310
584,train,60,30,11133
584,train,60,60,10779
584,train,60,90,10425
584,train,60,120,10074
584,train,120,15,10602
584,train,120,30,10425
584,train,120,60,10074
584,train,120,90,9732
584,train,120,120,9394
584,train,180,15,9903
584,train,180,30,9732
584,train,180,60,9394
584,train,180,90,9058
584,train,180,120,8728
584,train,240,15,9226
584,train,240,30,9058
584,train,240,60,8728
584,train,240,90,8398
584,train,240,120,8077
596,train,60,15,10510
596,train,60,30,10435
596,train,60,60,10288
596,train,60,90,10149
596,train,60,120,10014
596,train,120,15,10218
596,train,120,30,10149
596,train,120,60,10014
596,train,120,90,9886
596,train,120,120,9760
596,train,180,15,9949
596,train,180,30,9886
596,train,180,60,9760
596,train,180,90,9634
596,train,180,120,9508
596,train,240,15,9697
596,train,240,30,9634
596,train,240,60,9508
596,train,240,90,9382
596,train,240,120,9257
540,test,60,15,2269
540,test,60,30,2139
540,test,60,60,1884
540,test,60,90,1635
540,test,60,120,1399
540,test,120,15,1758
540,test,120,30,1635
540,test,120,60,1399
540,test,120,90,1176
540,test,120,120,968
540,test,180,15,1287
540,test,180,30,1176
540,test,180,60,968
540,test,180,90,778
540,test,180,120,596
540,test,240,15,872
540,test,240,30,778
540,test,240,60,596
540,test,240,90,416
540,test,240,120,241
544,test,60,15,2604
544,test,60,30,2580
544,test,60,60,2532
544,test,60,90,2484
544,test,60,120,2436
544,test,120,15,2508
544,test,120,30,2484
544,test,120,60,2436
544,test,120,90,2388
544,test,120,120,2340
544,test,180,15,2412
544,test,180,30,2388
544,test,180,60,2340
544,test,180,90,2292
544,test,180,120,2248
544,test,240,15,2316
544,test,240,30,2292
544,test,240,60,2248
544,test,240,90,2206
544,test,240,120,2165
552,test,60,15,1762
552,test,60,30,1639
552,test,60,60,1394
552,test,60,90,1172
552,test,60,120,974
552,test,120,15,1280
552,test,120,30,1172
552,test,120,60,974
552,test,120,90,795
552,test,120,120,622
552,test,180,15,883
552,test,180,30,795
552,test,180,60,622
552,test,180,90,457
552,test,180,120,308
552,test,240,15,538
552,test,240,30,457
552,test,240,60,308
552,test,240,90,164
552,test,240,120,25
567,test,60,15,1805
567,test,60,30,1683
567,test,60,60,1452
567,test,60,90,1238
567,test,60,120,1052
567,test,120,15,1341
567,test,120,30,1238
567,test,120,60,1052
567,test,120,90,872
567,test,120,120,717
567,test,180,15,962
567,test,180,30,872
567,test,180,60,717
567,test,180,90,579
567,test,180,120,441
567,test,240,15,648
567,test,240,30,579
567,test,240,60,441
567,test,240,90,305
567,test,240,120,173
584,test,60,15,2441
584,test,60,30,2393
584,test,60,60,2297
584,test,60,90,2201
584,test,60,120,2105
584,test,120,15,2249
584,test,120,30,2201
584,test,120,60,2105
584,test,120,90,2011
584,test,120,120,1925
584,test,180,15,2057
584,test,180,30,2011
584,test,180,60,1925
584,test,180,90,1841
584,test,180,120,1757
584,test,240,15,1883
584,test,240,30,1841
584,test,240,60,1757
584,test,240,90,1673
584,test,240,120,1592
596,test,60,15,2645
596,test,60,30,2624
596,test,60,60,2582
596,test,60,90,2540
596,test,60,120,2498
596,test,120,15,2561
596,test,120,30,2540
596,test,120,60,2498
596,test,120,90,2456
596,test,120,120,2414
596,test,180,15,2477
596,test,180,30,2456
596,test,180,60,2414
596,test,180,90,2372
596,test,180,120,2333
596,test,240,15,2393
596,test,240,30,2372
596,test,240,60,2333
596,test,240,90,2297
596,test,240,120,2261
