feature_set,horizon_min,mae_mean,mae_sd,rmse_mean,rmse_sd,n_patients
glucose,15,0.554602798488405,0.11336274306185583,0.7044342888726128,0.11083337263662212,9
glucose,30,0.6892459193865458,0.09644782042141282,0.8674396872520447,0.12701831256386356,9
glucose,60,0.7427669962247213,0.1093383404717756,0.9093535674942864,0.1435602470636603,9
glucose,90,0.7499503427081637,0.16421577022956294,0.9049644867579142,0.2104905810412699,9
glucose,120,0.7582438720597161,0.20227346330996296,0.9150652786095937,0.24606732400722592,9
glucose_carbs,15,0.5084394547674391,0.10501440961611794,0.650707698530621,0.11464614423891031,9
glucose_carbs,30,0.653156578540802,0.10865603474854195,0.8259234428405762,0.13464715204164018,9
glucose_carbs,60,0.7429757449362013,0.10784364900029095,0.9094904793633355,0.14746374944701635,9
glucose_carbs,90,0.7489583757188585,0.15590618072058243,0.9083487391471863,0.20875989559388622,9
glucose_carbs,120,0.746796276834276,0.19925528638654463,0.9125960800382826,0.2421091116969013,9
glucose_carbs_insulin,15,0.5342775351471372,0.09657718968587531,0.6898932456970215,0.1128467366205044,9
glucose_carbs_insulin,30,0.6878685686323378,0.10644835448082718,0.8696418007214864,0.14226103293751413,9
glucose_carbs_insulin,60,0.7328155901696947,0.07809974258953016,0.9055313931571113,0.11449301487011576,9
glucose_carbs_insulin,90,0.7434101535214318,0.1535318047440513,0.9051262901888953,0.20418460023080173,9
glucose_carbs_insulin,120,0.763404498497645,0.15445134009272973,0.9328240752220154,0.19212788922481291,9
glucose_insulin,15,0.5587077339490255,0.09758379741196835,0.7055492765373654,0.12050142114849127,9
glucose_insulin,30,0.6922546625137329,0.09623908588139292,0.8590120010905795,0.14724640529728777,9
glucose_insulin,60,0.7357360588179694,0.08906507767269757,0.9057729178004794,0.12440180003522026,9
glucose_insulin,90,0.7502944105201297,0.1587274934561643,0.9022736118899451,0.20727349093345576,9
glucose_insulin,120,0.7542774279912313,0.16757077847626645,0.9160407616032494,0.20201923138471925,9
