cohort,feature_set,horizon_min,mae_mean,mae_sd,rmse_mean,rmse_sd,mard_mean,mard_sd,time_lag_mean,time_lag_sd,clarke_A_mean,clarke_B_mean,clarke_C_mean,clarke_D_mean,clarke_E_mean,n_patients
2018,full_2018,15,0.5497903426488241,0.12911399993103956,0.7244873096545538,0.15841129533400214,431.94866434733075,315.97855604383966,7.5,59.055059055088584,100.0,0.0,0.0,0.0,0.0,6
2018,full_2018,30,0.6864672799905142,0.1288572549706984,0.8692526419957479,0.1698761831482893,344.70057678222656,220.70473435992787,13.333333333333334,74.54305243727725,100.0,0.0,0.0,0.0,0.0,6
2018,full_2018,60,0.7036931614081064,0.07801453386363685,0.864731510480245,0.12503807615789797,289.33863321940106,133.2684533141852,-38.333333333333336,48.44240566555987,100.0,0.0,0.0,0.0,0.0,6
2018,full_2018,90,0.6808828711509705,0.1781082588068978,0.8370199551184972,0.23010858989191565,324.4388682047526,174.9246922775394,-5.0,74.96665925596525,100.0,0.0,0.0,0.0,0.0,6
2018,full_2018,120,0.7139605681101481,0.17955265295369632,0.8842164327700933,0.22092220676538865,235.05259577433267,109.4657720081236,45.833333333333336,67.18754844959493,100.0,0.0,0.0,0.0,0.0,6
2018,glucose,15,0.5223501771688461,0.09929840736116831,0.6782208383083344,0.11637779340873047,480.08437474568683,397.6293557522499,5.0,55.04543577809154,100.0,0.0,0.0,0.0,0.0,6
2018,glucose,30,0.6507149239381155,0.07623815952917902,0.8272930582364401,0.11895837553281302,362.3409144083659,222.06380767527793,16.666666666666668,74.67708260682568,100.0,0.0,0.0,0.0,0.0,6
2018,glucose,60,0.7227473855018616,0.11021306201267642,0.8782382806142172,0.14107077614762578,224.82865524291992,86.63082512911289,-2.5,75.41551564499179,100.0,0.0,0.0,0.0,0.0,6
2018,glucose,90,0.7288564145565033,0.19176624357275618,0.8750855922698975,0.24402025451700968,205.179079691569,100.81555055023242,-62.5,61.94755846681934,100.0,0.0,0.0,0.0,0.0,6
2018,glucose,120,0.7419212361176809,0.24088626916508732,0.8902877022822698,0.2900821314946096,221.44883728027344,96.03888380487888,2.5,80.91662375556706,100.0,0.0,0.0,0.0,0.0,6
2018,glucose_carbs,15,0.4970506280660629,0.12007183422711312,0.6490330050388972,0.13783888188768229,427.5890706380208,353.9929734428706,-8.333333333333334,40.5791407827552,100.0,0.0,0.0,0.0,0.0,6
2018,glucose_carbs,30,0.6220473249753317,0.1159297686432126,0.8008525570233663,0.145655745219523,316.57532628377277,207.46657572541122,12.5,74.81644204317658,100.0,0.0,0.0,0.0,0.0,6
2018,glucose_carbs,60,0.7212580045064291,0.11039294318718887,0.8759666581948599,0.14574191940537945,244.46660486857095,88.01011310775817,-8.333333333333334,75.40999049639687,100.0,0.0,0.0,0.0,0.0,6
2018,glucose_carbs,90,0.7285920182863871,0.18151662925561374,0.8789359430472056,0.23997855553074351,249.64030583699545,113.44439871850832,-9.166666666666666,78.51220711880839,100.0,0.0,0.0,0.0,0.0,6
2018,glucose_carbs,120,0.7276498178641001,0.2372991131074094,0.8883495330810547,0.2875609274042835,258.161376953125,143.93023245237282,25.0,59.16079783099616,100.0,0.0,0.0,0.0,0.0,6
2018,glucose_carbs_insulin,15,0.5370034823815028,0.10138281339349209,0.6959645648797353,0.1023861228041623,405.4511362711589,294.324933470518,5.833333333333333,53.330729103085275,100.0,0.0,0.0,0.0,0.0,6
2018,glucose_carbs_insulin,30,0.6950827737649282,0.1012165475749059,0.878735234340032,0.11715333745357184,338.8111038208008,192.8561086885593,13.333333333333334,74.54305243727725,100.0,0.0,0.0,0.0,0.0,6
2018,glucose_carbs_insulin,60,0.7332827746868134,0.07231605601715746,0.8906539181868235,0.10321382745716129,255.10679626464844,110.42797667887744,-34.166666666666664,66.06183971603173,100.0,0.0,0.0,0.0,0.0,6
2018,glucose_carbs_insulin,90,0.7334125488996506,0.18449423483776797,0.8895825097958246,0.24110979219544876,271.74531682332355,133.9879660691545,-11.666666666666666,79.41452428030193,100.0,0.0,0.0,0.0,0.0,6
2018,glucose_carbs_insulin,120,0.7533365736405054,0.17682413818160775,0.9219791988531748,0.22342491484467186,279.7848815917969,173.93848077522037,31.666666666666668,86.40987597877147,100.0,0.0,0.0,0.0,0.0,6
2018,glucose_hr,15,0.5235302795966467,0.09991904413589982,0.6868721892436346,0.12343803663008025,500.31909942626953,405.6255693554698,5.0,55.04543577809154,100.0,0.0,0.0,0.0,0.0,6
2018,glucose_hr,30,0.6444153487682343,0.100231221747989,0.826697846253713,0.13240569005263242,349.44182713826496,265.9617286966317,12.5,74.48154133743475,100.0,0.0,0.0,0.0,0.0,6
2018,glucose_hr,60,0.7029054363568624,0.1219523438728189,0.8685951232910156,0.15438583664196698,265.4423001607259,152.69276837496398,-18.333333333333332,53.7277085558901,100.0,0.0,0.0,0.0,0.0,6
2018,glucose_hr,90,0.69717509051164,0.15540081002395467,0.8551659186681112,0.21227113889769864,309.3330790201823,181.13533668239702,13.333333333333334,56.18422079789544,100.0,0.0,0.0,0.0,0.0,6
2018,glucose_hr,120,0.7150028347969055,0.19451481806744403,0.8655705352624258,0.261688031710508,310.5415547688802,152.10205778402354,-19.166666666666668,74.86098227158568,100.0,0.0,0.0,0.0,0.0,6
2018,glucose_hr_steps_carbs_sleep,15,0.5158244321743647,0.1272290793101282,0.6845739434162775,0.12749768963012506,381.43140538533527,314.2028291454131,3.3333333333333335,55.105958540494214,100.0,0.0,0.0,0.0,0.0,6
2018,glucose_hr_steps_carbs_sleep,30,0.6495702664057413,0.1158629126414108,0.8333186507225037,0.13466232560169764,305.5353724161784,198.02631654893142,11.666666666666666,74.74400756359447,100.0,0.0,0.0,0.0,0.0,6
2018,glucose_hr_steps_carbs_sleep,60,0.6972159445285797,0.13727004771045884,0.8778674105803171,0.14346800423700615,233.13622029622397,98.6978465131153,-0.8333333333333334,63.82919916986791,100.0,0.0,0.0,0.0,0.0,6
2018,glucose_hr_steps_carbs_sleep,90,0.6699787726004919,0.17771276219659835,0.8307969719171524,0.2385185913082703,274.31399663289386,128.0666846984837,5.833333333333333,54.81027884135116,100.0,0.0,0.0,0.0,0.0,6
2018,glucose_hr_steps_carbs_sleep,120,0.6832411686579386,0.22428356632529936,0.8466609716415405,0.29064150631340113,287.1780586242676,172.46741267091764,48.333333333333336,60.13872850889572,100.0,0.0,0.0,0.0,0.0,6
2018,glucose_insulin,15,0.5644621352354685,0.11401446230394188,0.7145084490378698,0.13075633542783,426.0198465983073,337.2998792938456,6.666666666666667,55.37749241945384,100.0,0.0,0.0,0.0,0.0,6
2018,glucose_insulin,30,0.7028716007868449,0.06861529114913918,0.872534324725469,0.12486175442962358,355.2124849955241,238.84293765189997,17.5,74.88324245116527,100.0,0.0,0.0,0.0,0.0,6
2018,glucose_insulin,60,0.7379023830095927,0.07962188735783075,0.8917117317517599,0.11735363438323253,251.47245407104492,109.94359034059133,-1.6666666666666667,80.84965470963166,100.0,0.0,0.0,0.0,0.0,6
2018,glucose_insulin,90,0.7427337914705276,0.19101768628599233,0.8843988527854284,0.24271320664069732,254.963010152181,130.45554181949643,-32.5,90.3188795324654,100.0,0.0,0.0,0.0,0.0,6
2018,glucose_insulin,120,0.7411799132823944,0.19715465525424905,0.896223857998848,0.2327288196222142,230.1376635233561,114.7006643361518,-6.666666666666667,106.94235207188342,100.0,0.0,0.0,0.0,0.0,6
2020,full_2020,15,0.5153424143791199,0.11905939379071065,0.6541346311569214,0.15529978048913343,244.55872599283853,50.24996419225904,11.666666666666666,5.773502691896258,100.0,0.0,0.0,0.0,0.0,3
2020,full_2020,30,0.6653335293134054,0.1720262866434517,0.8273509542147318,0.21473405227257797,268.39427693684894,31.269168471084097,13.333333333333334,14.433756729740644,100.0,0.0,0.0,0.0,0.0,3
2020,full_2020,60,0.7313507795333862,0.11627494629987108,0.9283453027407328,0.15827063464397437,191.48759969075522,41.479468599463004,-16.666666666666668,68.25198409814423,100.0,0.0,0.0,0.0,0.0,3
2020,full_2020,90,0.7934305866559347,0.0779311307152286,0.9836990435918173,0.1094402335480915,204.67050170898438,91.64722086852441,-3.3333333333333335,7.637626158259733,100.0,0.0,0.0,0.0,0.0,3
2020,full_2020,120,0.8143142064412435,0.09019738395875178,1.0059827367464702,0.0945693518786444,177.4676259358724,50.16408631558745,-35.0,65.0,100.0,0.0,0.0,0.0,0.0,3
2020,glucose,15,0.6191080411275228,0.1318784575244428,0.7568611900011698,0.09535388848362507,241.67469278971353,84.35343698037023,48.333333333333336,62.11548384528074,100.0,0.0,0.0,0.0,0.0,3
2020,glucose,30,0.7663079102834066,0.0965212274214867,0.947732945283254,0.1210417396641406,213.01376342773438,69.28486114661227,56.666666666666664,54.84827557301445,100.0,0.0,0.0,0.0,0.0,3
2020,glucose,60,0.7828062176704407,0.11766532994688363,0.971584141254425,0.15482996719634662,193.17112731933594,13.635482608743533,30.0,101.4889156509222,100.0,0.0,0.0,0.0,0.0,3
2020,glucose,90,0.7921381990114847,0.10921063176052757,0.9647222757339478,0.14256820216852642,187.6643040974935,85.76427200480602,3.3333333333333335,55.07570547286102,100.0,0.0,0.0,0.0,0.0,3
2020,glucose,120,0.7908891439437866,0.12725907889056287,0.9646204312642416,0.16217906661237474,160.30851236979166,33.635170421655715,-51.666666666666664,114.05408073950416,100.0,0.0,0.0,0.0,0.0,3
2020,glucose_acceleration,15,0.5818919142087301,0.05189314632796443,0.7054917414983114,0.07035414840532886,247.48326110839844,63.69812358403018,15.0,0.0,100.0,0.0,0.0,0.0,0.0,3
2020,glucose_acceleration,30,0.7309194604555765,0.10399714037105821,0.8933446606000265,0.16056426650665837,227.85945638020834,29.287119263352583,23.333333333333332,2.886751345948129,100.0,0.0,0.0,0.0,0.0,3
2020,glucose_acceleration,60,0.78914342323939,0.11451182426035679,0.976540744304657,0.16219399009788082,174.51458231608072,28.24054620216619,31.666666666666668,102.02123961868594,100.0,0.0,0.0,0.0,0.0,3
2020,glucose_acceleration,90,0.7948320309321085,0.10729856438994219,0.965040385723114,0.14405034504136832,178.67441050211588,74.87910812246496,-6.666666666666667,62.915286960589576,100.0,0.0,0.0,0.0,0.0,3
2020,glucose_acceleration,120,0.7911352515220642,0.12628547361326548,0.9634049733479818,0.1726742877316958,160.48320770263672,42.16926403247559,-50.0,112.69427669584645,100.0,0.0,0.0,0.0,0.0,3
2020,glucose_carbs,15,0.5312171081701914,0.08307612839271618,0.6540570855140686,0.07106911263452674,251.40190633138022,66.9088075259745,11.666666666666666,2.8867513459481287,100.0,0.0,0.0,0.0,0.0,3
2020,glucose_carbs,30,0.7153750856717428,0.07010839099798864,0.876065214474996,0.1175733306584686,247.43541971842447,41.50270431492081,20.0,0.0,100.0,0.0,0.0,0.0,0.0,3
2020,glucose_carbs,60,0.7864112257957458,0.10867181562204788,0.9765381217002869,0.15416174185690795,188.03125508626303,32.10427465273161,28.333333333333332,104.20332688227057,100.0,0.0,0.0,0.0,0.0,3
2020,glucose_carbs,90,0.7896910905838013,0.10546627598958448,0.9671743313471476,0.15020817247125548,181.10316212972006,74.33837723953832,0.0,57.66281297335398,100.0,0.0,0.0,0.0,0.0,3
2020,glucose_carbs,120,0.7850891947746277,0.12138460317584894,0.9610891739527384,0.1498266167557684,186.03741455078125,61.41788122208243,-71.66666666666667,75.22189397597839,100.0,0.0,0.0,0.0,0.0,3
2020,glucose_carbs_insulin,15,0.5288256406784058,0.10745022124973112,0.6777506073315939,0.15620019288352985,263.50951131184894,60.730150967653515,11.666666666666666,2.8867513459481287,100.0,0.0,0.0,0.0,0.0,3
2020,glucose_carbs_insulin,30,0.673440158367157,0.13872502343841772,0.8514549334843954,0.21423428755393864,251.65648396809897,30.549943165485132,18.333333333333332,2.886751345948129,100.0,0.0,0.0,0.0,0.0,3
2020,glucose_carbs_insulin,60,0.7318812211354574,0.10640622596048846,0.9352863430976868,0.15430428709818364,209.2389882405599,31.852301302291323,25.0,27.83882181415011,100.0,0.0,0.0,0.0,0.0,3
2020,glucose_carbs_insulin,90,0.7634053627649943,0.09106692411280363,0.9362138509750366,0.13876632219002574,208.8590545654297,69.30604144167833,28.333333333333332,30.138568866708543,100.0,0.0,0.0,0.0,0.0,3
2020,glucose_carbs_insulin,120,0.7835403482119242,0.12783449541586334,0.9545138279596964,0.1476389845110598,166.76731872558594,29.106226154597255,-35.0,69.46221994724903,100.0,0.0,0.0,0.0,0.0,3
2020,glucose_insulin,15,0.5471989313761393,0.07276075745708739,0.6876309315363566,0.12090045869181852,244.48157246907553,47.26609545316515,13.333333333333334,2.8867513459481287,100.0,0.0,0.0,0.0,0.0,3
2020,glucose_insulin,30,0.6710207859675089,0.15576657777516337,0.8319673538208008,0.21471886751145852,239.60614522298178,12.802224922922266,20.0,13.228756555322953,100.0,0.0,0.0,0.0,0.0,3
2020,glucose_insulin,60,0.7314034104347229,0.12585310180042433,0.9338952898979187,0.16029376180237895,208.70580546061197,44.78496741539201,25.0,22.9128784747792,100.0,0.0,0.0,0.0,0.0,3
2020,glucose_insulin,90,0.7654156486193339,0.09509895313121679,0.9380231300989786,0.14730711239801136,212.6005376180013,76.61946167959654,26.666666666666668,30.550504633038933,100.0,0.0,0.0,0.0,0.0,3
2020,glucose_insulin,120,0.780472457408905,0.11662359946245683,0.9556745688120524,0.1559036037877985,141.7872568766276,34.46779939375627,-48.333333333333336,115.57825631723873,100.0,0.0,0.0,0.0,0.0,3
