cohort,horizon_min,mae_mean,mae_sd,rmse_mean,rmse_sd,n_patients
ohio2018,15,13.690439701080322,2.6114279216383642,18.88392686843872,3.928153717713824,6
ohio2018,30,17.830578645070393,2.5226985810262277,24.396849632263184,3.756687876783581,6
ohio2018,60,25.844677607218426,2.677300209261453,34.8168560663859,3.462511709263331,6
ohio2018,90,32.18393103281657,3.1464195031615962,42.84833844502767,3.940033390951325,6
ohio2018,120,36.39086437225342,3.0958087209955694,48.41225624084473,4.254515283547171,6
ohio2020,15,19.84424861272176,10.442367431399413,27.445615927378338,13.602103599652283,6
ohio2020,30,24.988569736480713,8.835505091544317,34.0548931757609,11.468893156513998,6
ohio2020,60,33.997162183125816,7.591578275909157,45.58056354522705,9.819035760393607,6
ohio2020,90,40.68086210886637,7.279633144330081,53.50291760762533,9.380700406795734,6
ohio2020,120,44.52874628702799,6.3266421798029375,57.71002451578776,8.18515724787755,6
