architecture,horizon_min,mae_mgdl,mae_mgdl.1,mae_mgdl.2,rmse_mgdl,rmse_mgdl.1,rmse_mgdl.2
BiLSTM,15.0,15.263193051020304,6.345142609765378,12,21.297287146250408,8.84645262451631,12
BiLSTM,30.0,20.566130479176838,6.6236918825702835,12,28.053662300109863,9.188105768908201,12
BiLSTM,60.0,29.228777567545574,7.081190460449515,12,39.37799723943075,9.684260466859008,12
BiLSTM,90.0,35.6749595006307,7.027051117319241,12,47.46671835581461,9.439317120320851,12
BiLSTM,120.0,39.77982568740845,5.957732903291353,12,52.033416430155434,8.0457331142325,12
GRU,15.0,15.018721342086792,8.218175631839927,12,21.56586519877116,11.863262636298701,12
GRU,30.0,20.237632830937702,7.8033120483063145,12,28.23203770319621,11.26472219607576,12
GRU,60.0,29.350783983866375,7.94298367379891,12,40.03941059112549,11.393309050720706,12
GRU,90.0,36.456174532572426,7.8276758209515265,12,48.691807428995766,11.392415976061974,12
GRU,120.0,41.0591983795166,6.842474299607242,12,53.90016905466715,10.000860704023811,12
LSTM,15.0,15.318662325541178,7.703613827882216,12,21.62327520052592,11.032982237350552,12
LSTM,30.0,20.480929692586262,7.6316462485304895,12,28.524983088175457,10.823375372468433,12
LSTM,60.0,29.3095604578654,7.60947746244372,12,39.908980210622154,10.464031568957694,12
LSTM,90.0,35.81291135152181,6.6767884281451035,12,47.62956714630127,9.33562595955752,12
LSTM,120.0,40.27319844563802,6.380026025178653,12,52.48224035898844,8.574961067599554,12
TCN,15.0,14.433333476384481,7.2971782217397925,12,20.257547458012898,10.049659909420438,12
TCN,30.0,19.7795512676239,7.64563502947419,12,27.294644832611084,10.337761628444955,12
TCN,60.0,28.725950082143147,7.438353246797414,12,38.864274660746254,10.049126242691445,12
TCN,90.0,35.27913554509481,7.13905079761654,12,46.97821044921875,9.524129275810031,12
TCN,120.0,39.75709740320841,6.256811382885804,12,52.110318183898926,8.420754902343146,12
Transformer,15.0,16.752677122751873,9.2412402739888,12,23.74762225151062,12.925554465016186,12
Transformer,30.0,21.24272831281026,7.692486193409935,12,29.640812397003174,11.016409603621922,12
Transformer,60.0,29.936211585998535,9.073440876063973,12,40.95479027430216,12.399517738637172,12
Transformer,90.0,36.46991157531738,8.262278760904273,12,48.77358945210775,11.201043191948294,12
Transformer,120.0,40.629590352376304,6.8464942949146375,12,53.401257832845054,9.134344884564818,12
adaptive_tcn_gru_transformer,15.0,16.065312067667644,7.56640394310958,12,22.443414449691772,10.601465254022267,12
adaptive_tcn_gru_transformer,30.0,20.902493238449097,7.173895769108225,12,28.818506876627605,9.924683740153903,12
adaptive_tcn_gru_transformer,60.0,29.692269643147785,7.526724357162521,12,40.34128204981486,10.21208434633589,12
adaptive_tcn_gru_transformer,90.0,36.54456853866577,8.169358021241562,12,48.79716269175211,10.808967907530127,12
adaptive_tcn_gru_transformer,120.0,40.99729633331299,7.707845800172412,12,53.675811767578125,10.005696237532424,12
gru_transformer,15.0,17.20822310447693,11.170012016234567,12,24.056611855824787,15.238491000764272,12
gru_transformer,30.0,21.570430676142376,9.392791936831136,12,29.61700169245402,13.07115712137102,12
gru_transformer,60.0,29.588495413462322,7.744599730784003,12,39.89990965525309,10.744758789991238,12
gru_transformer,90.0,35.43032153447469,6.490792343453542,12,46.852212270100914,9.031601869974525,12
gru_transformer,120.0,39.17790460586548,5.088990484536999,12,51.06420485178629,6.8766688932175075,12
tcn_gru,15.0,16.06824056307475,8.82075771213942,12,22.210745175679524,12.031571273068742,12
tcn_gru,30.0,20.777554114659626,8.303278759755564,12,28.33074680964152,11.214365170561557,12
tcn_gru,60.0,29.241029262542725,8.012377773415702,12,39.251430670420326,10.594584792831574,12
tcn_gru,90.0,35.71726417541504,7.51583435267191,12,47.01212406158447,9.75462391985146,12
tcn_gru,120.0,40.31992038091024,6.892043190568072,12,52.202314694722496,8.728856888538447,12
tcn_gru_transformer,15.0,16.941951831181843,8.588962564082966,12,23.787306388219196,12.093166705787537,12
tcn_gru_transformer,30.0,21.816936492919922,8.446473935251568,12,29.9891521135966,11.856769416259223,12
tcn_gru_transformer,60.0,30.068575859069824,8.311154143209619,12,40.54966497421265,11.42838698834264,12
tcn_gru_transformer,90.0,36.598671754201256,7.672107729035195,12,48.41342830657959,10.457530882878329,12
tcn_gru_transformer,120.0,40.95672845840454,7.255523564173689,12,53.49215825398763,9.471405828937094,12
tcn_transformer,15.0,16.690858681996662,8.448005584401631,12,22.843905766805012,10.623464840654282,12
tcn_transformer,30.0,21.28584313392639,7.857146384416362,12,28.90721607208252,9.826502282746043,12
tcn_transformer,60.0,29.64421208699544,7.420378115147223,12,39.90791209538778,9.59432509843333,12
tcn_transformer,90.0,35.696218967437744,6.179125379410562,12,47.25495592753092,8.422103210665702,12
tcn_transformer,120.0,40.122828324635826,5.665028879130583,12,52.454529762268066,7.882818804584451,12
