baseline,metric,horizon_min,n_patients,baseline_mean,transformer_mean,mean_difference_baseline_minus_transformer,median_difference,wilcoxon_stat,p_value,p_holm,rank_biserial,significant_holm_0_05,direction
GRU,MAE,15,6,8.125966,9.483286,-1.35732,-1.017946,0.0,0.03125,0.9375,-1.0,False,Transformer higher error
LSTM,MAE,15,6,8.628031,9.483286,-0.855255,-0.246534,3.0,0.15625,1.0,-0.714286,False,Transformer higher error
TCN,MAE,15,6,9.794979,9.483286,0.311693,0.627186,6.0,0.4375,1.0,0.428571,False,Transformer lower error
GRU,MAE,30,6,15.236994,14.493546,0.743448,0.646158,3.0,0.15625,1.0,0.714286,False,Transformer lower error
LSTM,MAE,30,6,15.395666,14.493546,0.902121,0.923045,1.0,0.0625,1.0,0.904762,False,Transformer lower error
TCN,MAE,30,6,16.107608,14.493546,1.614062,1.20837,0.0,0.03125,0.9375,1.0,False,Transformer lower error
GRU,MAE,60,6,24.54345,24.671853,-0.128403,-0.425165,9.0,0.84375,1.0,-0.142857,False,Transformer higher error
LSTM,MAE,60,6,25.315835,24.671853,0.643982,0.422194,6.0,0.4375,1.0,0.428571,False,Transformer lower error
TCN,MAE,60,6,25.529522,24.671853,0.85767,0.403296,4.0,0.21875,1.0,0.619048,False,Transformer lower error
GRU,MAE,90,6,31.516314,32.121837,-0.605523,0.226302,9.0,0.84375,1.0,-0.142857,False,Transformer higher error
LSTM,MAE,90,6,32.365575,32.121837,0.243738,1.091455,9.0,0.84375,1.0,0.142857,False,Transformer lower error
TCN,MAE,90,6,32.570823,32.121837,0.448986,0.456447,7.0,0.5625,1.0,0.333333,False,Transformer lower error
GRU,MAE,120,6,37.172626,36.932341,0.240285,1.199478,8.0,0.6875,1.0,0.238095,False,Transformer lower error
LSTM,MAE,120,6,38.011228,36.932341,1.078887,2.492331,6.0,0.4375,1.0,0.428571,False,Transformer lower error
TCN,MAE,120,6,37.823258,36.932341,0.890917,1.270607,6.0,0.4375,1.0,0.428571,False,Transformer lower error
GRU,RMSE,15,6,12.119357,13.971594,-1.852237,-1.205041,0.0,0.03125,0.9375,-1.0,False,Transformer higher error
LSTM,RMSE,15,6,12.733822,13.971594,-1.237772,-0.594354,5.0,0.3125,1.0,-0.52381,False,Transformer higher error
TCN,RMSE,15,6,14.223911,13.971594,0.252317,0.429397,6.0,0.4375,1.0,0.428571,False,Transformer lower error
GRU,RMSE,30,6,21.289102,20.491233,0.797869,0.583797,5.0,0.3125,1.0,0.52381,False,Transformer lower error
LSTM,RMSE,30,6,21.587463,20.491233,1.096231,1.072703,2.0,0.09375,1.0,0.809524,False,Transformer lower error
TCN,RMSE,30,6,22.270568,20.491233,1.779335,1.216729,1.0,0.0625,1.0,0.904762,False,Transformer lower error
GRU,RMSE,60,6,33.275364,33.526183,-0.250819,-0.669252,6.0,0.4375,1.0,-0.428571,False,Transformer higher error
LSTM,RMSE,60,6,34.210921,33.526183,0.684738,0.762885,5.0,0.3125,1.0,0.52381,False,Transformer lower error
TCN,RMSE,60,6,34.319752,33.526183,0.793569,0.852462,7.0,0.5625,1.0,0.333333,False,Transformer lower error
GRU,RMSE,90,6,41.895007,43.148789,-1.253782,-0.504055,10.0,1.0,1.0,-0.047619,False,Transformer higher error
LSTM,RMSE,90,6,42.830511,43.148789,-0.318278,0.32616,9.0,0.84375,1.0,0.142857,False,Transformer higher error
TCN,RMSE,90,6,43.21281,43.148789,0.064021,0.952347,9.0,0.84375,1.0,0.142857,False,Transformer lower error
GRU,RMSE,120,6,48.914413,48.221127,0.693286,1.947622,7.0,0.5625,1.0,0.333333,False,Transformer lower error
LSTM,RMSE,120,6,49.572088,48.221127,1.350961,3.031343,7.0,0.5625,1.0,0.333333,False,Transformer lower error
TCN,RMSE,120,6,49.658576,48.221127,1.437449,1.70937,5.0,0.3125,1.0,0.52381,False,Transformer lower error
